informal,formal
I am sending this to you to tell you of an idea that I have that I really like.,I write this correspondence to bend your ear to a proposition which arouses my keenest interest.
"Eurasia is lucky to have better geography and Supreme environment, making it more likely to have food, resistance to disease, and ultimately a more complex political system.","Eurasia is predestined to produce an abundance of food, resistance to infectious diseases, and ultimately a more thorough political, on account of its favorable geography and environment."
"Rafeal Nadal is much better than Djokovic, being both a good doubles and Singles Player.","Vastly superior to Djokovic, Rafeal Nadal excels at both Singles and doubles."
Freedom of the press is important to holding accountable bad political officals.,Freedom of the press is a check against political corruption.
Spanish is an awesome language that is spoken in Mexico.,"Spanish is a lively language, one that is practiced in Mexico."
"The us open is the best sports of the year, with its great players.","The us open is a contest of Supreme nobility, hosting the most illustrious athletes."
It is very clear that the United States needs to give Puerto Rico statehood on moral grounds.,"It is beyond dispute that the United States ought to extend statehood to Puerto Rico, a most moral imperative."
"Packing the Supreme Court is an awful idea, just making for a cycle where Democrats continually add Justices when they are in office and Republicans continually adding judges when they are in office.","Efforts to pack the Supreme Court are a dire mistake, unleashing a cycle of pandemonium wherein whichever party holds the Presidency corrupts the bench to be compromised of Justices of their party's persuasion."
"Headlines have a very big effect on public opinion, even though it may seem like it's no big deal.","Headlines may strike one as inconsequential, but they have a significant bearing on public opinion."
"Apple need to have a competitor, because they have gotten complacent to the point that their products are actually getting worse.","Apple need a worthy rival, as they have grown lax, allowing their products to experience degradation."
"Tax cuts are great, with all their perks for encouraging economic activity.","Tax cuts are worthy of praise, enabling economic prosperity."
"Bringing into being a popular third party would make a bunch of factions in Congress, making legislation hard to pass.","Fragmentation of Congress is a regrettable byproduct of any enactment of widespread third-party politics, one that renders legislative action a perilous climb."
"People need to understand the importance of copyright, because nobody likes getting their stuff stolen.","It is of the utmost urgency that Americans comprehend the solemnity of copyright, for theft is the scourge of mankind."
National parks are a big part of the us culture.,The culture of the United States is inextricably bound up with its serene national parks.
"Tablets are better than textbooks, teaching children how to research in the same they eventually will in the workforce.","Facilitating students' capacity to research, a skill imperative to their Employability, tablets are superior to textbooks."
The United States' Air Force one is one of the most known symbols in the world.,"The aircraft of the United States, known as Airforce one, is a hallmark of international renown."
"The Supreme Court should not have any party lean, just supposed to decide whether things are constitutional or not.","Transcending the boundaries of party, the Supreme Court is charged with the impartial arbitration of constitutional clashes."
"The Usps is great at helping society, allowing people across the nation to communicate with one another.","The Usps is a force that advances the cause of civilization, knitting the nation's towns and cities into a web of communication."
"Twitter can expect to see a migration of users to its platform should it increase its character limit, made up of those who only do not use it because of that feature.","Twitter is primed to grow its user base should it relax its character limit, spearheaded by individuals whose reasons for abstaining are predicated on aversion to its current ceiling."
"Senators are typically more based in reality than members of the house, since they have to appeal to an entire state.","Senators are best suited to reflect reality than members of the house, whose constituencies are so vast that they cannot afford to be the eschew reason."
"Tariffs are bad, with the cost of importing just being passed onto consumers.","The imposition of tariffs are without merit, doing nothing more than to saddle consumers with the additional expense."
Space is huge and needs to be explored.,"Space is a boundless expanse, a vast Virgin domain awaiting exploration."
"When the Senate is split 50-50, the Senator closest to the opposing party are those with the most leverage.",A Senate evenly divided between parties is vulnerable to the designs of lawmakers most partial to the antagonistic party.
I am very ready to do that just that.,You can assure yourself of my readiness to work toward this end.
"Politicans should allow the courts to decide on their own, or else a terrible precedent is set where evidence is ignored for Politcal pressure.","Statesmen ought to permit the Judiciary to adjudicate free of encroachment, lest the rule of the law lapse into the rule of the mob."
"Lowering the voting age to 16 is good, creating a habit to Enage Civically at a young age that will continue life long.","The age at which citizens ought to be afforded Enfranchisement is sixteen, a proposition that shall cultivate Civic-Mindedness and build upon itself to form lifelong patriots."
Congress should not have their noise in the business of everyday Americans.,Congress should not persist in their pernicious efforts to Foist their regulatory overreach upon ordinary Americans.
Generative music is honestly so cool . Musenet by Openai is one such example that is so good at generating piano.,"Ai music generation is nothing short of astonishing . a case in point is Musenet by Openai, a source of such Masterfu piano."
"School uniforms are hated by students, but they actually have a lot of benefits.","School uniforms are a source of derision among students, yet they confer considerable benefits."
"Paris has a rich culture and history, with so many tourist coming every year.","Paris is a cultural and historical treasure, hosting countless tourists each year."
"Youtube is wrong to do away with the dislike button, removing a metric that Esures users do not fall for scam videos.","Youtube is mistaken in retiring the dislike button, a metric that is central to users' ability to identify unscrupulous content."
"The minimum wage is a great idea, helping low income workers get ahead.","The minimum wage is an eminently reasonable initiative, intended to afford low-income workers a measure of economic security."
"If teachers find that they have tried everything and students are still Misbehaving, then only then should school uniforms be adopted.","If teachers discover that they have spared no effort to curtail student misconduct, yet they are nevertheless met with disobedience, then only then should they proceed to impose school uniforms."
Gordon Ramsay is such a great guy as his shows make clear.,Gordon Ramsay epitomizes the essence of an upright individual whose personality shines through on television.
One could put a spacecraft near an asteroid for a long time and use gravity to move it.,Earthlings could fly a spacecraft in the vicinity of an asteroid for a time sufficient that its gravity would initiate a course correction.
"The 1900S' biggest accomplishment had to do with it making law the United Nations . It was a dream at first, but really became a helpful tool that exceeded expectations.",The twentieth century can boast of no more shining feat in the service of civilization than the creation of the United Nations . What began as a mere dream has come to assume a stature in the world that dazzles the imagination.
"Milan has made it know they want him on their team, but they Thik he's asking for way too much . Even though his asking price seems like a lot, he is worth the pretty Penny.","Keen on contracting him, Milan is nevertheless ambivalent towards his costly terms . worth the investment, while it may strike one as an extravagance, is he."
"It is important to reform the Re-Districting process . Under how it runs now, it basically Pre-Determining outcomes now and denying people of a voice . being wrong, it allows Politicans who would otherwise not be able to win to somehow be able to take a powerful congressional seat.","The need to overhaul the process of Re-Districting is manifest . Muzzling the voice of ordinary citizens, the status quo Perpetuates pre-determined outcomes . An injustice, it enables individuals who could not otherwise achieve electoral victory to Nevertheless rise to the eminence of a congressional seat."
Internet access is needed to live in today's society really.,Internet access is a requisite if one wishes to live in the present age.
"Tvs were once expensive to buy, but have seen their price decrease.","Once Prohibitively expensive, televisions have undergone a deflationary revolution."
"Mcdonalds is actually an advocate for universal Healthcare, because it would save them from having to Shell out so much.","Mcdonalds is an avowed advocate of universal Healthcare, resentful of the exorbitant sums it incurs for its employee medical benefits."
The EPA makes sure that the environment is in good shape.,The EPA is the first line of defense against environmental devastation.
"His credit claiming does not stop at Case-Work type stuff, extending to the legislative realm.","His penchant for Credit-Claiming transcends work of bureaucratic nature, spilling into legislative matters."
"It is not crazy to think that his office has committed that much Case-Work . as well, it is reasonable to think that he was able to get those billions for Illinois when one looks at the package size . In reality, though, he was only among the many players in getting that amount for Illinois.","It is well within reason to conceive that his office has engaged in that quantity of Case-Work . Likewise, it is easy to imagine that he was able procure that enormous sum of money on behalf of Illinois in consideration of the magnitude of the package . Yet, in actuality, he was but one of the multitude of legislators whose efforts secured that windfall."
"Senators tend to be less crazy than Memmbers of the house, because they have to appeal to a wider variety of people and as the sample size grows, the less crazy people are . This in mind, anyone saying the Senate should be abolished is making a big mistake.","Senators serve at the pleasure of a broader constituency than do their counterparts in the House of Representatives, whose resulting lack of radical bent forces them to moderate their views . heeding this fact, abolishing the Senate would be a grievous mistake."
"Youtube is wrong to do away with the dislike button, removing a metric that Esures users do not fall for scam videos . that being said, they should reconsider their decision for the good of consumers.","Youtube is mistaken in retiring the dislike button, a metric that is central to users' ability to identify unscrupulous content . eyeing consumer well-being, they ought to Revisit the matter."
"Spacex is an amazing Compamy, doing amazing at Bringig everyday people to space . its founder Elon musk, though, is a controversial figure for the lack of taxes he pays.","Spacex is a noble firm, applying its talents to the democratization of outer space . controversial, however, is its founder, Elon musk, whose tax avoidance has drawn the ire of the public."
"Twitter can expect to see a migration of users to its platform should it increase its character limit, made up of those who only do not use it because of that feature . It has been asked since the company surfaced, but it might actually happen now.","Twitter is primed to grow its user base should it relax its character limit, spearheaded by individuals whose reasons for abstaining are predicated on aversion to its current ceiling . calls for such a measure have been echoed since the company's inception, but it is now finally conceivable that it will materialize."
Politicans brag about their Achivements way too often when they are not even responsible.,Politicians boast of feats that they did not manage too readily.
"It is common for people to think that the President has major control over gas prices, but their role is not a huge one.","Citizens are apt to suppose that the occupant of the oval office commands a preponderance of influence over the price of Petroleum, whereas its exercise is a function of modest import."
"People have a tendency to support their own member of Congress, yet dislike the institution as a whole.","Americans favor their own representatives, while they exhibit hostility towards the Legislature itself."
"Countries have done a good job at overcoming things on earth, so they should be able to do space travel well.","Nations have tackled mighty tasks in the terrestrial world, a record ample enough to render space travel a feasible endeavor."
"Best anywhere, the United States post office is so efficient and no other country has anything like it.","Envied by the peoples of the world, the United States post office operates with an efficiency that stands unrivaled."
"Name recognition plays a really big role in deciding who wins elections, assuring Cory Booker of a victory 2024.","Name recognition exerts a gravitational pull on the psyche of voters, thus Cory Booker's ascent to the Presidency in 2024 will assuredly follow."
"Sports distract from stressful things, being such a good thing to do.","Invigorating for the individual, sport provides respite from the Travails of life."
People in all deserve to have a comfortable retirement after working away their entire life.,"Every terrestrial being merits the assurance of a secure retirement,, an immutable entitlement after a life of laborious toil."
People often overstate the affect that special interests have on changing the way lawmakers vote . the face is they actually do not get their money's worth really.,"Too often are sensational claims that lobbyists are the architects of legislation promulgated . reality indicates otherwise, watching as lobbyists rarely translate their financial contributions into meaningful policy."
"Members of the House typically have trouble gaining ground when running for President, but Ritchie Torres would be an exception.","Rarely does a member of the House of Representatives mount a viable bid for the Presidency, but Ritchie Torres is singularly poised to do so."
"The Constitution is a great document, but it still needs to be continually adapted to Modern-Day.","A priceless document, the Constitution nonetheless ought to be amended whenever necessary to reflect the realities of contemporary times."
"Twitter should expand the character limit, because it is better for political conversation that way, ensuring more context is provided.","Twitter ought to Elongate its character limit, lending itself to the more detailed, Contextualized communication that is fundamental to robust political discourse."
"Spacex is an amazing Compamy, doing amazing at Bringig everyday people to space.","Spacex is a noble firm, applying its talents to the democratization of outer space."
"Protectionism is not a good policy, only resulting in angry consumers.","Protectionism is a discredited doctrine, one that merely invites outraged consumers."
"Not often talked about, but an interesting proposal is if Canada and the United States became a singular country.","A Seldom-Voiced, but nonetheless compelling proposition is that of Canada and the United States uniting into a single nation."
"The country should require civics be taught in all schools, allowing for better citizens.","The Republic should mandate the study of civics in its schools, equipping citizens with the requisite knowledge to vote with wisdom."
"The issue is that lawmakers would maybe just propose a bunch of bait legislation so to waste the opposition party ’ s Fillibusters, so that might make this not work.","Lawmakers may stoop to crafting bait legislation to waste the opposition's filibuster, a practice which would make this effort fail."
"Having won the Presidency by not very big, Nixon moved toward the political center on many issues.","The margin by which Nixon secured the Presidency was narrow, driving him to strive for moderation on a host of issues."
"Senators tend to be less crazy than Memmbers of the house, because they have to appeal to a wider variety of people and as the sample size grows, the less crazy people are.","Senators serve at the pleasure of a broader constituency than do their counterparts in the House of Representatives, whose resulting lack of radical bent forces them to moderate their views."
"Milan has made it know they want him on their team, but they Thik he's asking for way too much.","Milan has made their liking for him known, yet balk at his £28Million valuation."
Nixon introduced block grants which allowed States to do whatever they wanted with the money given to them.,Nixon spearheaded a system of block grants that provided broad discretionary authority to States.
Google could better its search engine if it was to make use of Nlp.,"It would Behoove Google to harness the prowess of Nlp, enabling its search engine to accrue more comprehensive results."
"People often say they do not like a bigger government, until are told what a bigger government could bring, such as universal Pre-K, paid family leave, a permanent child tax credit, action on climate change, child care subsidies, and lower Healthcare costs.","Individuals often speak of a desire to shrink the size of government, until they are briefed on the virtues of a more expansive state, one that provides universal Pre-K, paid family leave, a permanent child tax credit, action on climate change, child care subsidies, and lower Healthcare costs."
"The us should invest in high-speed train, which will encourage tourism in between cities.","The United States should commit resources toward constructing high-speed rail infrastructure, stimulating tourism between cities."
"One of the pride points about America is that it is conducive to diversity, so there should not be a national language.","The distinctiveness of America lies chiefly with its Accomodation of diversity, hence a national language would amount to an impediment to this strength."
"Target was unsuccessful in Canada, being unable to Disuade residents from going to their local stores.","Target's efforts to woo Canadians to patronize their own establishment failed, witnessing them rather flock to local retailers."
The Internet will change the way business is done.,"The Internet is an agent of change, forever remodeling the manner in which business is conducted."
"Building a ton of housing would do well at lowering prices, doing away with the status quo where landlords have tons of applications no matter the price.","An aggressive effort to construct housing would precipitate a downward revision of rental rates, Neutralizing the bargaining power wielded by landlords amidst the dearth of available units."
"Will Smith has to be one of the most recognized actors in the world, starring in so many good movies.","Will Smith is among the most esteemed actors, known to millions worldwide."
"Members of Congress should be required to live in the places that they represent, so they have an understanding of their struggles to be able to vote on behalf of them well.","Members of Congress ought to reside in the districts that they are charged with serving, thereby Familiarizing them with their constituents' grievances to be effective stewards of their interests."
Trae young is why the Atlanta hawks had a good season.,The Atlanta hawks may attribute their robust season to Trae young.
"Meteors are much harder to see, because they are only there for a fraction of a second.","Meteors are not readily detectable, lasting for mere fractions of a second."
"A universal basic income program would be awesome, ensuring people have a good standard of living.","The provision of a basic income for all would enrich humanity, delivering to its members the assurance of an ever-present means of subsistence."
"If Taylor swift ran for office, she Wouuld likely do well . She would be able to turnout young voters, while also getting suburban women.","A candidacy by Taylor swift would engender an outpouring of support from the youth, while simultaneously corralling the votes of suburban women."
He is the favorite student of the teacher.,He has been crowned as the teacher's most beloved (pupil / disciple / scholar / undergraduate).
"I finished the book, but it was boring.","I endured the book to its conclusion, (in defiance of the tedium it inspired / even as it tried my patience / refusing to bow to the Ennui it provoked / determined to brave the monotony it induced)."
It is not nice to disturb someone that is working.,It is (Impolite / discourteous / Inconsiderate) to interrupt one at work.
The rain started at lunchtime.,The rain (let loose / burst into a downpour / set in / erupted) as (the clock struck noon / lunchtime was at hand / midday was afoot).
"The worst part about living in an apartment building is having to hear neighbor's noise, when the distance of a typical home is not conducive to that.","Among the principal complaints associated with apartment living is the unwelcome reverberation of neighbors' racket, a grievance absent from detached housing."
"I'm craving Pizza, wanNA grab a slice?",I am currently desiring a slice of Pizza and would like to obtain one.
I'm heading to Paris for Vacay.,I am traveling to Paris for my vacation.
"I'm so busy with work, can't hang out.",I am currently occupied with work commitments and unavailable to socialize.
Can you send me the Email with the Deets?,Could you please forward me the Email containing the details?
School's been stressing me out lately.,I have been experiencing increased stress levels due to my academic responsibilities.
"Just got a sick new phone, it's lit.",I recently acquired a new Smartphone with impressive features.
The hotel room was Hella expensive.,The hotel room was excessively expensive.
Can you help me with my math homework?,Could you assist me with my mathematics assignment?
"The traffic was awful, I'm so late.",I experienced significant delays due to traffic and am now running behind schedule.
"I'm trying to learn how to code, it's tough.","I am currently attempting to acquire coding skills, which is proving to be challenging."
"I'm starving, let's grab a Burger.","I'm extremely hungry, let's obtain a hamburger."
"The flight's delayed, we'll be late.","The flight has been delayed, and we will arrive late."
I'm so burnt out from work.,I'm experiencing significant fatigue due to my work.
My phone's being super slow.,My phone is currently operating at a significantly reduced speed.
School's been really tough lately.,I've been finding school to be particularly challenging recently.
Can you pass the salt?,Would you mind passing the salt to me?
"I'm gonNA take a nap, wake me up later.",I'm going to take a nap and would appreciate it if you could wake me up later.
The hotel room's a bit pricey.,The hotel room is slightly more expensive than expected.
"I lost my Keys, have you seen them?",I've misplaced my keys; have you had the opportunity to see them?
The weather's gonNA be awesome this weekend.,The weather forecast indicates that it will be excellent this weekend.
"I'm starving, wanNA grab a Burger?",I am extremely hungry and would like to purchase a hamburger.
I'm heading to Paris for vacation.,I am traveling to Paris for my upcoming vacation.
My boss is super annoying today.,My supervisor is being particularly challenging to work with today.
I just got a new Smartphone.,I have recently acquired a new Smartphone device.
"I'm skipping school today, feel sick.",I am unable to attend school today due to illness.
That movie was so boring.,The film I recently watched was not engaging.
I'm trying to learn how to code.,I am currently attempting to acquire coding skills.
The hotel room was really dirty.,The hotel room I occupied was found to be in an unsatisfactory condition.
I'm going to the gym to work out.,I am visiting the gym for the purpose of exercising.
The weather forecast says it's gonNA rain.,"According to the weather forecast, precipitation is expected."
I'm heading to the beach for vacation.,I am traveling to the beach for my upcoming vacation.
"Just Downloaded a new App, it's really cool!",I have recently Downloaded a new application and find it to be quite impressive.
Got a ton of homework due tomorrow.,I have a substantial amount of homework that is due tomorrow.
"The flight was delayed, what a Bummer!","Unfortunately, the flight experienced a delay, which was inconvenient."
"I'm so tired, need a coffee Asap.",I am feeling fatigued and require a cup of coffee as soon as possible.
"Just got a new phone, it's way better than my old one.",I have recently acquired a new phone that is significantly improved compared to my previous device.
The teacher gave us a ton of reading.,The instructor assigned a substantial amount of reading material.
"The restaurant was really pricey, not worth it.",The restaurant had a high price point and did not provide sufficient value.
I need to work from home today.,I require permission to work remotely today.
This phone is so slow!,This phone's processing speed is considerably sluggish.
I'm taking a math test tomorrow.,I have a mathematics examination scheduled for tomorrow.
Can you Email me the report?,Could you please forward the report to me via Email?
The weather's gonNA be awesome today!,The weather forecast indicates that today will have excellent conditions.
I'm trying to learn Spanish.,I am currently endeavoring to acquire proficiency in the Spanish language.
The meeting's been rescheduled for Friday.,The meeting has been rearranged to take place on Friday.
"The flight's delayed, we're stuck here for hours.","The flight has been delayed, and we will be waiting here for several hours."
My boss is super stressed about the project deadline.,My supervisor is experiencing significant stress regarding the project deadline.
"This new phone is lit, got the best camera ever!",This new Smartphone has an exceptionally high-quality camera.
"School's been crazy this week, tons of homework.","This week has been exceptionally busy at school, with a substantial amount of homework."
"Can't find my Keys, have to leave for work soon.",I am currently unable to locate my Keys and must depart for work shortly.
The weather forecast says it's gonNA rain tomorrow.,"According to the weather forecast, there is a high probability of precipitation tomorrow."
"I'm so tired, need a coffee Asap.",I am feeling extremely fatigued and require a beverage with caffeine immediately.
"Just got tickets to the concert, it's gonNA be epic!",I have recently acquired tickets to the concert and am anticipating an exceptional experience.
"The hotel room's a bit pricey, but it's worth it.","The hotel room is somewhat expensive, but I believe it is worth the cost."
School's been really tough this semester.,The current semester has been particularly challenging academically.
I'm so excited for the concert tonight!,I am very enthusiastic about attending the concert this evening.
I'm running late for my interview.,I am experiencing a delay and will be late for my scheduled interview.
Just got a sick new phone.,I have recently acquired a new Smartphone.
School's been really tough lately.,I have been experiencing significant academic difficulties as of late.
Can't wait for the weekend.,I am eagerly anticipating the upcoming weekend.
Need to finish this project by Friday.,I have a deadline to complete this project by Friday.
Love watching Netflix shows.,I thoroughly enjoy watching television shows on Netflix.
Just got a new job offer.,I have recently received a job offer.
Weather's been crazy this week.,The weather has been unusually unpredictable this week.
I'm heading to the beach this weekend.,I will be visiting the beach over the upcoming weekend.
My boss is super annoying today.,My supervisor is being quite irritating at present.
I just got a new Iphone.,I have recently acquired a new Iphone device.
I'm so over this homework.,I am feeling overwhelmed by the current workload assigned.
"We're having a party tonight, you in?",We are hosting a social gathering this evening and would be delighted if you could attend.
"The flight was delayed, what a pain!","The flight experienced a delay, which caused significant inconvenience."
I'm trying to learn python.,I am currently endeavoring to acquire proficiency in the python programming language.
"The teacher is really nice, I like her.",The instructor is very affable and has earned my appreciation.
My Internet is super slow.,I am experiencing difficulties with the speed of my Internet connection.
I'm starving! Let's grab some food.,I'm extremely hungry . shall we obtain some sustenance?
I'm heading to the beach for vacation.,I'm traveling to the beach for my upcoming holiday.
"I got a new job offer, it's really cool!","I've received a new employment opportunity, which I find quite appealing."
"My phone's battery is dead, can I use yours?",My mobile phone's battery has depleted . May I utilize your device?
I'm really stressed about this math test.,I'm experiencing considerable anxiety regarding the forthcoming mathematics examination.
"The hotel room was dirty, what a Bummer!","The hotel room was found to be in an Unsanitary condition, which was disappointing."
Can you send me the report by Eod?,Could you please submit the report to me by the end of the business day?
"I'm trying to learn how to code, it's tough!","I'm endeavoring to acquire coding skills, but I'm finding it challenging."
The teacher gave us a ton of homework tonight.,The educator assigned a substantial amount of homework to us this evening.
"The flight was delayed, what a nightmare!","The flight experienced a delay, which was a considerable inconvenience."
"The flight was delayed, we're stuck here.","The flight has been delayed, and we are currently experiencing a wait."
"I got a new laptop, it's super fast!",I recently acquired a new laptop that has a very fast processing speed.
School's been stressing me out lately.,I have been experiencing a significant amount of stress related to my academic responsibilities.
"The hotel room was dirty, what a Bummer.","The hotel room was not clean, which was disappointing."
"I'm swamped with work, can't hang out.",I am currently very busy with work and will be unable to socialize.
"The restaurant was to die for, try it!","The restaurant was exceptionally good, and I highly recommend it."
"The traffic is awful, I'm gonNA be late.","The traffic conditions are severe, and I anticipate being late."
"I'm learning to code, it's kinda tough.","I am currently learning to code, and I am finding it challenging."
"The Museum was amazing, loved the art.","The Museum was impressive, and I greatly enjoyed the artwork on display."
"The flight's delayed, we're stuck here for hours.","The flight has been delayed, and we will be waiting here for several hours."
I'm so burnt out from work this week.,I am experiencing significant fatigue due to my workload this week.
Can you send me the Doc Online?,Could you please transmit the document to me electronically?
"The hotel room's a bit pricey, but it's worth it.","Although the hotel room is expensive, I believe it is a worthwhile investment."
Can we reschedule the meeting for tomorrow?,Would it be possible to reschedule the meeting for tomorrow?
I'm gonNA hit the gym during my lunch break.,I plan to visit the gym during my scheduled lunch break.
The new phone's got some cool features.,The new phone has several notable and impressive features.
I'm heading to the library to study.,I am going to the library in order to study and focus on my work.
"My flight's delayed, I'll be late for the meeting.","Unfortunately, my flight has been delayed, and I anticipate arriving late to the meeting."
"I just got a new Iphone, it's so cool!","I recently acquired a new Iphone, and I find it to be quite impressive."
"I'm taking a math test tomorrow, I'm super nervous.","I have a mathematics test scheduled for tomorrow, and I am experiencing considerable anxiety."
Can you help me with this coding problem?,Could you please assist me in resolving this coding issue?
I'm going to the gym to work off this Pizza.,I intend to visit the Gymnasium in order to engage in physical activity to offset the calories from the Pizza I consumed.
"My colleague is on vacation, I'll cover her shift.","One of my colleagues is currently on vacation, and I have agreed to assume her responsibilities during that time."
The weather forecast says it'll rain tomorrow.,"According to the weather forecast, there is a high probability of precipitation tomorrow."
"I'm starving, let's grab a Pizza.","I am extremely hungry, let us obtain a Pizza."
Can you text me the Wifi Password?,Could you please provide me with the Wifi Password via text message?
"School's out, let's hit the beach!","The academic session has concluded, let us proceed to the beach."
I'm swamped with Uni assignments.,I am currently overwhelmed with University assignments.
This phone is super slow.,This phone's processing speed is considerably sluggish.
I'm gonNA hit the gym later.,I intend to visit the Gymnasium later in the day.
The weather's gonNA be Crappy tomorrow.,The weather forecast indicates inclement conditions for tomorrow.
"I'm starving, wanNA grab a bite?",I am extremely hungry and would like to obtain some food immediately.
Can you send me the report Asap?,Could you please forward the report to me at your earliest convenience?
I'm so done with school.,I am feeling thoroughly exhausted with my academic responsibilities.
That new phone is lit!,The new Smartphone model has received highly positive reviews and accolades.
I'm running late for our meeting.,"I apologize, but I will be arriving behind schedule for our scheduled meeting."
This coffee is Hella good.,The coffee I am currently consuming is of exceptionally high quality.
The flight was super delayed.,The flight experienced a significant and unfortunate delay.
"My flight's delayed, I'll be late for work.","Unfortunately, my flight has been delayed, and I will arrive late to work."
This new phone is so cool!,This new Smartphone is quite impressive.
"I'm taking a math test tomorrow, I'm so nervous.","I have a mathematics test scheduled for tomorrow, and I am feeling anxious."
Can you send me the report?,Could you please forward the report to me?
"I'm learning Spanish, it's kinda hard.","I am studying Spanish, and it presents some challenges."
"My computer's frozen, Ugh!","My computer has stopped responding, which is frustrating."
"The meeting's at 2 PM, don't be late!","The meeting is scheduled for 2 PM, and punctuality is requested."
The weather's gonNA be awesome this weekend!,The weather forecast indicates favorable conditions for this weekend.
"I'm so busy with work, can't catch up.",I am currently overwhelmed with work commitments and do not have time to catch up.
My phone's being super slow lately.,My phone has been experiencing performance issues lately.
I'm stressing about my math test tomorrow.,I am feeling anxious about my mathematics test scheduled for tomorrow.
I love the new coffee shop downtown.,I am pleased with the new coffee shop that has opened downtown.
"The traffic is awful, I'll be late.","The traffic conditions are severe, and I anticipate being late."
I'm going to take a break from social media.,I intend to temporarily abstain from using social media.
I just got a sick new phone.,I have recently acquired a new Smartphone with impressive features.
I'm Dreading math homework tonight.,I am not looking forward to completing my mathematics homework this evening.
"I'm so tired, I need a nap.",I am feeling extremely fatigued and require rest.
This coffee shop has amazing vibes.,This coffee shop has a very pleasant and welcoming atmosphere.
I'm trying to get a head start on my project.,I am attempting to begin working on my project ahead of schedule.
The teacher gave us a ton of homework.,The instructor assigned a substantial amount of homework to the students.
"My flight's delayed, I gotTA reschedule.","My flight has been delayed, and I need to reschedule my travel plans."
"I'm so burnt out from work, need a day off.",I am experiencing exhaustion from work and require a day of leave.
Can you send me the report by Email?,Could you please forward the report to me via Email?
"My phone's dead, can I borrow yours?","My phone has lost battery, may I use your device?"
I'm thinking of learning a new language.,I am considering acquiring proficiency in a new language.
"The hotel room's a bit pricey, but it's cool.","The hotel room is somewhat expensive, but it is acceptable."
Can you help me with this math problem?,Could you assist me in solving this mathematical problem?
"I'm learning French, it's kinda hard.","I am currently studying French, and it presents a challenge."
"I'm quitting my job, I'm so done.","I have decided to resign from my position, as I have reached a point of completion."
"The flight's delayed, we'll be late.","The flight has been delayed, and we will arrive late."
"I need to work from home today, my back's killing me.",I will be working from home today due to a back injury.
"My phone's dead, can I use yours?","My phone battery is depleted, may I use your phone?"
"I'm so over this project, it's due tomorrow.","I am feeling overwhelmed by this project, which is due tomorrow."
"The hotel room's a mess, I need to clean it.","The hotel room is in disarray, and I must clean it."
"Can you pass the salt, Pls?",Could you please pass the salt?
The meeting's been rescheduled for Friday.,The meeting has been rescheduled for this Friday.
"I just got tickets to the concert, it's gonNA be sick!","I have just obtained tickets to the concert, and I anticipate it will be excellent."
I'm so busy at work right now.,I am currently experiencing a high volume of work and am quite occupied.
Can you send me the Doc?,Could you please transmit the document to me?
"School's out, I'm so relieved.","The academic term has concluded, and I am feeling considerable relief."
This new phone is lit!,I am impressed with the features and performance of this new Smartphone.
I'm hitting the gym later.,I intend to visit the Gymnasium later in the day for a workout.
The hotel room's a bit pricey.,The hotel room is more expensive than I had anticipated.
Can we reschedule for next week?,Would it be possible to reschedule for the following week?
This coffee's way too hot!,The temperature of this coffee is excessively high and requires adjustment.
Can U help me with this project?,Would you be able to assist me with this project?
I just got back from an amazing trip to Bali.,I have recently returned from a remarkable trip to Bali.
"My laptop is totally busted, I need a new one.","My laptop has Malfunctioned, I require a replacement."
I'm so nervous about my math test tomorrow.,I am experiencing considerable anxiety regarding my mathematics test scheduled for tomorrow.
Can I get a refund if I return it within 30 days?,Is it possible to obtain a refund if I return the item within a Thirty-Day period?
"I'm trying to learn how to code, it's super hard tho.","I am endeavoring to acquire coding skills, but I am finding it to be quite challenging."
"The meeting got cancelled, let's reschedule for next week.","The meeting has been cancelled, shall we schedule an alternative for next week?"
I love playing Video games in my free time.,"In my leisure time, I enjoy engaging in Video game activities."
"The hotel room was dirty, what a total disappointment.","The hotel room was found to be in an unsatisfactory condition, which was a considerable disappointment."
"I'm so burnt out from work, need a break.",I am experiencing significant fatigue from work and require a period of respite.
Can you send me the Doc? I'm having trouble Downloading.,Could you please transmit the document to me? I am encountering difficulties with the Download.
"School's been stressing me out, I need summer break.","The academic semester has been quite demanding, and I am looking forward to the summer recess."
"Just got a new phone, it's so much faster!","I have recently acquired a new phone, which exhibits significantly improved performance."
"I'm thinking of moving to a new city, any tips?",I am contemplating relocating to a different city and would appreciate any advice or recommendations.
"Can't find my Keys, I'm running super late!",I am having difficulty locating my Keys and am at risk of arriving late.
"Love the new restaurant, their Burgers are amazing!",The new restaurant has impressed me with its exceptional Burger offerings.
"Forgot my Password, can you reset it for me?",I have forgotten my Password and would appreciate assistance with Resetting it.
"This project is due tomorrow, I'm stressed.","The project is scheduled for submission tomorrow, and I am experiencing considerable anxiety."
Can you send me the Wi-Fi Password?,Could you please provide me with the Wireless network Password?
"I'm taking a math test tomorrow, wish me luck!",I have a mathematics examination scheduled for tomorrow and would appreciate your good wishes.
"The hotel room is dirty, I'm gonNA ask for a new one.","The hotel room is not clean, so I will request an alternative accommodation."
"I'm so tired, I need a coffee Asap.",I am feeling extremely fatigued and require a coffee beverage immediately.
Can I get a refund if I return it today?,Am I eligible for a refund if I return the item today?
I'm swamped with work today.,I am currently overwhelmed with tasks and responsibilities.
"My phone's dead, need a charger.","My phone's battery is depleted, and I require a charging device."
"The hotel's really nice, great view.","The hotel is of high quality, and the view is exceptional."
"I'm so tired, need a nap.",I am experiencing fatigue and require a period of rest.
"The teacher's really cool, I like her.","The educator is approachable and affable, and I have a positive impression of her."
The restaurant's got great reviews.,The restaurant has received highly favorable ratings and evaluations.
"I'm so tired, I didn't sleep well.",I am experiencing fatigue due to a lack of restful sleep.
"I'm skipping school today, it's boring.","I have decided not to attend school today, as I find the curriculum Unengaging."
"The flight was delayed, what a Bummer.","Unfortunately, the flight experienced a delay, which was inconvenient."
I'm trying to learn how to code.,I am currently endeavoring to acquire programming skills and knowledge.
The hotel room was really messy.,The hotel room was found to be in a state of disarray upon inspection.
"My flight's delayed, I'll be late for work.","Unfortunately, my flight has been delayed, and I anticipate arriving late to work."
"I'm taking a math test tomorrow, I'm super nervous.",I have a mathematics test scheduled for tomorrow and am experiencing considerable anxiety.
"My friend's getting married, it's gonNA be a blast!","My friend is getting married, and I expect the event to be enjoyable."
"The hotel room's a bit pricey, but it's cool.","The hotel room is somewhat expensive, but I find it satisfactory."
"I need a raise, my rent's going up!",I am requesting a salary increase due to a forthcoming rise in my rent.
"The teacher's really nice, she's always helping us.",The teacher is very kind and consistently provides assistance to her students.
"The new policy's a bit confusing, can you explain?",I am having difficulty understanding the new policy; could you provide clarification?
"The concert was amazing, I got great Pics!","The concert was exceptional, and I was able to capture excellent photographs."
"My job is so stressful, I need a raise.","My current employment situation is causing significant stress, and I believe a salary increase is warranted."
"This phone is so slow, I need an upgrade.","The performance of this phone is unsatisfactory, and I require an upgrade to improve Functionality."
"School's been boring lately, I need a change.","I have been finding the academic environment Unengaging, and I am seeking a modification to my educational experience."
"I'm free this weekend, wanNA hang out?",I have availability this weekend and would like to arrange a social engagement.
"This traffic is awful, I'm stuck.","The current traffic conditions are severe, and I am experiencing significant delays."
"I need help with my computer, it's frozen.",I am experiencing technical difficulties with my computer and require assistance.
The hotel room is really nice.,The hotel room is exceptionally clean and comfortable.
Can you finish the project by Friday?,"Could you please complete the project by the end of this week, specifically on Friday?"
"I'm so tired, I didn't sleep well.",I am feeling fatigued due to a lack of quality sleep.
"I'm so hungry, wanNA grab a bite?",I am experiencing hunger and would like to obtain some food.
I'm running late for a meeting.,I am experiencing a delay and will arrive late to our scheduled meeting.
This App is totally Glitching.,The application is currently experiencing technical difficulties and malfunctioning.
I'm thinking of switching careers.,I am contemplating a change in my professional field.
The weather's been crazy this week.,The weather has been exhibiting unusual patterns over the past week.
My boss is super stressed about the deadline.,My supervisor is experiencing considerable stress regarding the approaching deadline.
"This new phone is lit, you gotTA get one.","This new phone model is exceptionally impressive, and I highly recommend considering a purchase."
"School's been killing me, I need a break.",I have been finding school to be quite challenging and could benefit from a brief respite.
"The project meeting's at 2 PM, don't be late.","The project meeting is scheduled for 2 PM, and I encourage you to arrive on time."
"This coffee shop's got great vibes, you should try it.","This coffee shop has a very pleasant atmosphere, and I think you would enjoy visiting it."
The weather App on my phone's been acting up.,The weather application on my phone has been experiencing technical difficulties.
"The library's got a ton of resources, you should check it out.","The library offers a vast array of resources, and I recommend taking advantage of them."
I'm so busy with work right now.,I am currently experiencing a high workload.
"My phone battery is dead, need a charger.","My phone's battery has depleted, and I require a charger."
The hotel room was really messy.,The hotel room was found to be in a state of disarray.
"The teacher is really nice, I like her.","The teacher is very affable, and I have developed a positive rapport with her."
"The concert was amazing, so much fun!","The concert was an exceptional experience, providing immense enjoyment."
"I'm so busy at work, can't take a break.",I am currently overwhelmed with tasks at work and do not have the opportunity to take a break.
"My phone's battery is dead, need a charger.","My mobile phone's battery has depleted, and I require access to a charging device."
"This coffee is weak, need a stronger brew.","The coffee I am drinking is not sufficiently strong, and I would prefer a more robust blend."
"The hotel room's a mess, needs cleaning.",The hotel room is currently in a state of disarray and requires immediate cleaning and maintenance.
"Can't find my Keys, driving me crazy!",I am experiencing difficulty locating my Keys and am becoming increasingly frustrated.
"The Internet's slow, can't get any work done.","The Internet connection is currently operating at a slow speed, hindering my productivity."
"I'm running late, traffic's a nightmare.",I am experiencing a delay in my arrival due to severe traffic congestion.
"I'm so burnt out from work, need a vacation.",I am experiencing significant fatigue from work and require a period of leave.
"Can you send me the Doc, I'm having trouble Downloading.","Could you please Resend the document, as I am encountering difficulties with the Download?"
"School's been stressing me out, I need a break.",I have been finding school to be overwhelming and would appreciate a brief respite.
"Love the new phone, it's so much faster!","I am pleased with the new phone, as it exhibits significantly improved performance."
"Can't find my Keys, I'm gonNA be late!",I am currently unable to locate my Keys and fear that I may arrive late.
"What time's the party, wanNA meet up?","Could you please inform me of the party's scheduled time, and we can arrange to meet?"
"I'm thinking of switching careers, feeling stuck.","I am contemplating a career change, as I am currently experiencing a sense of stagnation."
Booked a sick hotel room with a sick view!,"I have reserved a hotel room with an exceptional view, which I am very pleased about."
I'm so overwhelmed with work right now.,I am currently experiencing a high level of workload and stress.
School's been really tough this semester.,The current semester has presented significant academic challenges.
That new restaurant is lit!,The new restaurant has received exceptionally positive reviews.
I'm gonNA take a sick day today.,I will be taking a day of leave due to illness.
Can you help me with that project?,Would you be able to assist me with that project?
My phone's battery is dead.,My mobile phone's battery has been completely depleted.
My boss is super stressed about the project deadline.,My supervisor is experiencing significant stress regarding the project deadline.
"This new phone is so cool, love the camera!","This new phone has impressive features, particularly the camera."
"The network's down, can't get Online.","The network is currently unavailable, and I am unable to access the Internet."
The teacher's giving us a ton of homework.,The teacher has assigned a significant amount of homework to the class.
The restaurant's got awesome Vegan options.,The restaurant offers a variety of exceptional Vegan options.
"School's been stressful, I need a break.",I have been experiencing significant academic pressure and require a period of respite.
This new Video game is lit!,I find the new Video game to be exceptionally entertaining and engaging.
"I'm trying to learn Spanish, it's tough.",I am currently studying the Spanish language and finding it to be challenging.
"The hotel room was dirty, what a Bummer.","The hotel room was found to be unclean, which was disappointing."
Let's schedule a meeting for Friday.,Shall we arrange a meeting for this Friday?
I'm so stressed about my math test.,I am experiencing significant anxiety regarding my upcoming mathematics examination.
The concert was totally amazing.,The concert was an exceptionally impressive experience.
I'm running late for my flight.,I am experiencing a delay and will be late for my scheduled flight.
The restaurant has amazing Vegan options.,The restaurant offers an impressive selection of Vegan dishes.
I'm taking a math test tomorrow.,I have a mathematics examination scheduled for tomorrow.
Let's meet at 5Pm for coffee.,Shall we schedule a meeting at 5:00 PM for a cup of coffee?
I'm learning to code Online.,I am presently acquiring coding skills through Online educational resources.
"The flight was delayed, we're late.","The flight experienced a delay, resulting in a late arrival."
Can you help me with my homework?,Could you please assist me with my academic assignments?
"I'm so tired, I need a nap.",I am feeling fatigued and require a period of rest.
Can you help me with this Tech issue?,Could you please assist me in resolving this technical problem?
My boss is really on my case today.,My supervisor is exerting significant pressure on me today.
I'm trying to finish this project by Friday.,"I am working to complete this project by the end of the week, specifically on Friday."
